{"v":"5.6.3","fr":60,"ip":0,"op":170,"w":500,"h":500,"nm":"Lottie——上滑 引导_400*500px _2次","ddd":0,"assets":[{"id":"comp_0","layers":[{"ddd":0,"ind":1,"ty":3,"nm":"NULL CONTROL","sr":1,"ks":{"o":{"a":0,"k":0,"ix":11},"r":{"a":0,"k":0,"ix":10},"p":{"a":0,"k":[74,193,0],"ix":2},"a":{"a":0,"k":[60,60,0],"ix":1},"s":{"a":0,"k":[100,100,100],"ix":6}},"ao":0,"ip":0,"op":900,"st":0,"bm":0},{"ddd":0,"ind":2,"ty":4,"nm":"hand","sr":1,"ks":{"o":{"a":1,"k":[{"i":{"x":[0.667],"y":[1]},"o":{"x":[0.333],"y":[0]},"t":12,"s":[0],"e":[100]},{"i":{"x":[0.833],"y":[1]},"o":{"x":[0.333],"y":[0]},"t":24,"s":[100],"e":[100]},{"i":{"x":[0.833],"y":[1]},"o":{"x":[0.167],"y":[0]},"t":66.4,"s":[100],"e":[0]},{"t":78}],"ix":11},"r":{"a":0,"k":0,"ix":10},"p":{"a":1,"k":[{"i":{"x":0.2,"y":1},"o":{"x":0.333,"y":0},"t":24,"s":[105.5,397.564,0],"e":[105.5,112.564,0],"to":[0,-47.5,0],"ti":[0,47.5,0]},{"t":52}],"ix":2},"a":{"a":0,"k":[0,0,0],"ix":1},"s":{"a":0,"k":[100,100,100],"ix":6}},"ao":0,"shapes":[{"ty":"gr","it":[{"ind":0,"ty":"sh","ix":1,"ks":{"a":0,"k":{"i":[[-3.78,3.84],[-3.8,-3.53],[0,0],[0,0],[0,0],[-3.35,3.45],[-3.39,-3.08],[0,0],[0,0],[0,0],[-3.31,3.38],[-3.35,-3.07],[0,0],[0,0],[0,0],[-2.99,2.99],[-0.38,0.26],[-2.88,-3.91],[0,0],[0,0],[0,0],[17.13,-11.54],[11.34,4.31],[0,0],[0,0],[0,0],[11.5,4.98],[-1.36,4.35],[-4.3,-1.16],[0,0],[0,0]],"o":[[3.67,-3.72],[0,0],[0,0],[0,0],[-3.4,-3.4],[3.21,-3.31],[0,0],[0,0],[0,0],[-3.35,-3.35],[3.21,-3.27],[0,0],[0,0],[0,0],[-2.99,-2.98],[0.32,-0.32],[4.02,-2.79],[0,0],[0,0],[0,0],[11.54,17.13],[-10.09,6.79],[0,0],[0,0],[0,0],[-16.27,-6.5],[-4.18,-1.81],[1.33,-4.25],[0,0],[0,0],[-3.75,-3.89]],"v":[[-57.838,-46.035],[-44.428,-46.335],[-44.158,-46.085],[-44.158,-46.085],[-14.898,-16.815],[-14.988,-29.155],[-3.138,-29.535],[-2.838,-29.245],[-2.838,-29.245],[2.212,-24.195],[2.152,-36.345],[13.922,-36.655],[14.182,-36.395],[14.182,-36.395],[20.272,-30.315],[20.272,-41.125],[21.322,-41.995],[33.712,-39.945],[33.912,-39.675],[33.912,-39.675],[54.312,-9.395],[44.192,42.525],[10.012,46.465],[9.502,46.265],[9.502,46.265],[3.592,43.915],[-38.058,26.705],[-43.028,15.875],[-32.948,10.335],[-11.358,16.155],[-57.908,-32.135]],"c":true},"ix":2},"nm":"Path 1","mn":"ADBE Vector Shape - Group","hd":false},{"ty":"fl","c":{"a":0,"k":[1,1,1,1],"ix":4},"o":{"a":0,"k":100,"ix":5},"r":1,"bm":0,"nm":"Fill 1","mn":"ADBE Vector Graphic - Fill","hd":false},{"ty":"tr","p":{"a":0,"k":[0,0],"ix":2},"a":{"a":0,"k":[0,0],"ix":1},"s":{"a":0,"k":[100,100],"ix":3},"r":{"a":0,"k":0,"ix":6},"o":{"a":0,"k":100,"ix":7},"sk":{"a":0,"k":0,"ix":4},"sa":{"a":0,"k":0,"ix":5},"nm":"Transform"}],"nm":"hand","np":2,"cix":2,"bm":0,"ix":1,"mn":"ADBE Vector Group","hd":false}],"ip":0,"op":3600,"st":0,"bm":0},{"ddd":0,"ind":3,"ty":4,"nm":"line","parent":1,"sr":1,"ks":{"o":{"a":1,"k":[{"i":{"x":[0.667],"y":[1]},"o":{"x":[0.333],"y":[0]},"t":24,"s":[0],"e":[70]},{"i":{"x":[0.833],"y":[1]},"o":{"x":[0.333],"y":[0]},"t":40,"s":[70],"e":[70]},{"i":{"x":[0.833],"y":[1]},"o":{"x":[0.167],"y":[0]},"t":60,"s":[70],"e":[0]},{"t":71.19921875}],"ix":11},"r":{"a":0,"k":0,"ix":10},"p":{"a":0,"k":[41.5,224.564,0],"ix":2},"a":{"a":0,"k":[0,0,0],"ix":1},"s":{"a":0,"k":[100,100,100],"ix":6}},"ao":0,"shapes":[{"ty":"gr","it":[{"ind":0,"ty":"sh","ix":1,"ks":{"a":0,"k":{"i":[[0,0],[0,0]],"o":[[0,0],[0,0]],"v":[[-2,9],[-1,-286]],"c":false},"ix":2},"nm":"Path 1","mn":"ADBE Vector Shape - Group","hd":false},{"ty":"gs","o":{"a":0,"k":100,"ix":9},"w":{"a":1,"k":[{"i":{"x":[0.833],"y":[0.833]},"o":{"x":[0.167],"y":[0.167]},"t":50,"s":[30],"e":[4]},{"t":68}],"ix":10},"g":{"p":3,"k":{"a":0,"k":[0,1,1,1,0.5,1,1,1,1,1,1,1,0,1,0.5,0.5,1,0],"ix":8}},"s":{"a":1,"k":[{"i":{"x":0.833,"y":0.833},"o":{"x":0.167,"y":0.167},"t":32,"s":[-0.133,-121.939],"e":[0.602,-280.604],"to":[0.122,-26.444],"ti":[-0.122,26.444]},{"t":50}],"ix":4},"e":{"a":1,"k":[{"i":{"x":0.833,"y":0.833},"o":{"x":0.167,"y":0.167},"t":32,"s":[-1.154,40.561],"e":[-0.775,-265.105],"to":[0.063,-50.944],"ti":[-0.063,50.944]},{"t":50}],"ix":5},"t":1,"lc":2,"lj":2,"bm":0,"nm":"Gradient Stroke 1","mn":"ADBE Vector Graphic - G-Stroke","hd":false},{"ty":"tr","p":{"a":0,"k":[0,0],"ix":2},"a":{"a":0,"k":[0,0],"ix":1},"s":{"a":0,"k":[100,100],"ix":3},"r":{"a":0,"k":0,"ix":6},"o":{"a":0,"k":100,"ix":7},"sk":{"a":0,"k":0,"ix":4},"sa":{"a":0,"k":0,"ix":5},"nm":"Transform"}],"nm":"Shape 1","np":3,"cix":2,"bm":0,"ix":1,"mn":"ADBE Vector Group","hd":false},{"ty":"tm","s":{"a":1,"k":[{"i":{"x":[0.2],"y":[1]},"o":{"x":[0.333],"y":[0]},"t":31.199,"s":[0],"e":[100]},{"t":59.19921875}],"ix":1},"e":{"a":1,"k":[{"i":{"x":[0.2],"y":[1]},"o":{"x":[0.333],"y":[0]},"t":24,"s":[0],"e":[100]},{"t":52}],"ix":2},"o":{"a":0,"k":0,"ix":3},"m":1,"ix":2,"nm":"Trim Paths 1","mn":"ADBE Vector Filter - Trim","hd":false}],"ip":0,"op":900,"st":0,"bm":0}]}],"layers":[{"ddd":0,"ind":1,"ty":0,"nm":"上滑 output","refId":"comp_0","sr":1,"ks":{"o":{"a":0,"k":100,"ix":11},"r":{"a":0,"k":0,"ix":10},"p":{"a":0,"k":[280,197,0],"ix":2},"a":{"a":0,"k":[100,250,0],"ix":1},"s":{"a":0,"k":[100,100,100],"ix":6}},"ao":0,"w":200,"h":500,"ip":88,"op":176,"st":88,"bm":0},{"ddd":0,"ind":2,"ty":0,"nm":"上滑 output","refId":"comp_0","sr":1,"ks":{"o":{"a":0,"k":100,"ix":11},"r":{"a":0,"k":0,"ix":10},"p":{"a":0,"k":[280,197,0],"ix":2},"a":{"a":0,"k":[100,250,0],"ix":1},"s":{"a":0,"k":[100,100,100],"ix":6}},"ao":0,"w":200,"h":500,"ip":0,"op":88,"st":0,"bm":0}],"markers":[]}
