{"v":"5.6.3","fr":60,"ip":0,"op":49,"w":100,"h":100,"nm":"底导右侧_取消赞动效_100*100_Lottie","ddd":0,"assets":[{"id":"comp_0","layers":[{"ddd":0,"ind":1,"ty":3,"nm":"Null 59","sr":1,"ks":{"o":{"a":0,"k":0,"ix":11},"r":{"a":0,"k":0,"ix":10},"p":{"a":0,"k":[55.75,70.5,0],"ix":2},"a":{"a":0,"k":[0,0,0],"ix":1},"s":{"a":0,"k":[100,100,100],"ix":6}},"ao":0,"ip":0,"op":302,"st":0,"bm":0},{"ddd":0,"ind":2,"ty":0,"nm":"小装饰 11","parent":1,"refId":"comp_1","sr":1,"ks":{"o":{"a":1,"k":[{"i":{"x":[0.833],"y":[0.833]},"o":{"x":[0.167],"y":[0.167]},"t":5.002,"s":[100],"e":[0]},{"t":14}],"ix":11},"r":{"a":0,"k":0,"ix":10},"p":{"a":1,"k":[{"i":{"x":0.833,"y":0.986},"o":{"x":0.167,"y":0.014},"t":-171,"s":[-4,-3.5,0],"e":[-3.5,-4.625,0],"to":[0.083,-0.188,0],"ti":[-0.083,7.375,0]},{"i":{"x":0.833,"y":1},"o":{"x":0.167,"y":0},"t":0,"s":[-3.5,-4.625,0],"e":[-3.5,-47.75,0],"to":[0.083,-7.375,0],"ti":[0,7.188,0]},{"t":14}],"ix":2},"a":{"a":0,"k":[150,150,0],"ix":1},"s":{"a":0,"k":[3,3,100],"ix":6}},"ao":0,"w":300,"h":300,"ip":0,"op":509,"st":-91,"bm":0},{"ddd":0,"ind":3,"ty":0,"nm":"小装饰 9","parent":1,"refId":"comp_2","sr":1,"ks":{"o":{"a":1,"k":[{"i":{"x":[0.833],"y":[0.833]},"o":{"x":[0.167],"y":[0.167]},"t":5.002,"s":[100],"e":[0]},{"t":14}],"ix":11},"r":{"a":0,"k":-34,"ix":10},"p":{"a":1,"k":[{"i":{"x":0.833,"y":0.833},"o":{"x":0.167,"y":0.167},"t":-171,"s":[-11.25,-4.5,0],"e":[-11.25,-4.5,0],"to":[0,0,0],"ti":[0,0,0]},{"i":{"x":0.833,"y":1},"o":{"x":0.167,"y":0},"t":0,"s":[-11.25,-4.5,0],"e":[-41.75,-37,0],"to":[-5.083,-5.417,0],"ti":[5.083,5.417,0]},{"t":14}],"ix":2},"a":{"a":0,"k":[150,150,0],"ix":1},"s":{"a":0,"k":[3,3,100],"ix":6}},"ao":0,"w":300,"h":300,"ip":0,"op":509,"st":-91,"bm":0},{"ddd":0,"ind":4,"ty":0,"nm":"小装饰 7","parent":1,"refId":"comp_2","sr":1,"ks":{"o":{"a":1,"k":[{"i":{"x":[0.833],"y":[0.833]},"o":{"x":[0.167],"y":[0.167]},"t":6,"s":[100],"e":[0]},{"t":14}],"ix":11},"r":{"a":0,"k":47,"ix":10},"p":{"a":1,"k":[{"i":{"x":0.833,"y":0.987},"o":{"x":0.167,"y":0.013},"t":-171,"s":[4.5,-4,0],"e":[5,-4,0],"to":[0.083,0,0],"ti":[-4.292,5.917,0]},{"i":{"x":0.833,"y":0.903},"o":{"x":0.167,"y":0.097},"t":0,"s":[5,-4,0],"e":[30.25,-39.5,0],"to":[4.292,-5.917,0],"ti":[-4.208,5.917,0]},{"t":14}],"ix":2},"a":{"a":0,"k":[150,150,0],"ix":1},"s":{"a":0,"k":[3,3,100],"ix":6}},"ao":0,"w":300,"h":300,"ip":0,"op":509,"st":-91,"bm":0}]},{"id":"comp_1","layers":[{"ddd":0,"ind":1,"ty":4,"nm":"爱心","sr":1,"ks":{"o":{"a":0,"k":100,"ix":11},"r":{"a":0,"k":0,"ix":10},"p":{"a":0,"k":[152.363,157.749,0],"ix":2},"a":{"a":0,"k":[0,0,0],"ix":1},"s":{"a":0,"k":[100,100,100],"ix":6}},"ao":0,"shapes":[{"ty":"gr","it":[{"ind":0,"ty":"sh","ix":1,"ks":{"a":0,"k":{"i":[[-24.92,0],[0,-39.87],[0.29,-2.64],[0,0],[29.62,-26.44],[23.45,-12.31],[3.26,1.3],[0,0],[0,0],[25.49,24.67],[2.73,25.38],[0,0],[0,0],[0,2.71],[-39.57,0],[-12.83,-19.45]],"o":[[39.58,0],[0,2.71],[0,0],[-3.55,25.87],[-27.61,24.65],[-3.12,1.64],[0,0],[0,0],[-27.79,-12.32],[-27.17,-26.3],[0,0],[0,0],[-0.29,-2.64],[0,-39.87],[24.92,0],[12.84,-19.45]],"v":[[59.707,-107.749],[131.367,-35.559],[130.927,-27.529],[131.367,-27.539],[81.617,50.931],[5.027,106.371],[-5.023,106.891],[-5.353,106.741],[-6.513,106.231],[-86.433,50.751],[-131.283,-26.769],[-131.363,-27.539],[-130.923,-27.529],[-131.363,-35.559],[-59.713,-107.749],[-0.003,-75.479]],"c":true},"ix":2},"nm":"路径 1","mn":"ADBE Vector Shape - Group","hd":false},{"ty":"tr","p":{"a":0,"k":[0,0],"ix":2},"a":{"a":0,"k":[0,0],"ix":1},"s":{"a":0,"k":[100,100],"ix":3},"r":{"a":0,"k":0,"ix":6},"o":{"a":0,"k":100,"ix":7},"sk":{"a":0,"k":0,"ix":4},"sa":{"a":0,"k":0,"ix":5},"nm":"Transform"}],"nm":"路径","np":1,"cix":2,"bm":0,"ix":1,"mn":"ADBE Vector Group","hd":false},{"ty":"fl","c":{"a":0,"k":[0.596078455448,0.305882364511,0.984313726425,1],"ix":4},"o":{"a":0,"k":100,"ix":5},"r":1,"bm":0,"nm":"Fill 1","mn":"ADBE Vector Graphic - Fill","hd":false}],"ip":0,"op":3600,"st":0,"bm":0}]},{"id":"comp_2","layers":[{"ddd":0,"ind":1,"ty":4,"nm":"爱心","sr":1,"ks":{"o":{"a":0,"k":100,"ix":11},"r":{"a":0,"k":0,"ix":10},"p":{"a":0,"k":[152.363,157.749,0],"ix":2},"a":{"a":0,"k":[0,0,0],"ix":1},"s":{"a":0,"k":[100,100,100],"ix":6}},"ao":0,"shapes":[{"ty":"gr","it":[{"ind":0,"ty":"sh","ix":1,"ks":{"a":0,"k":{"i":[[-24.92,0],[0,-39.87],[0.29,-2.64],[0,0],[29.62,-26.44],[23.45,-12.31],[3.26,1.3],[0,0],[0,0],[25.49,24.67],[2.73,25.38],[0,0],[0,0],[0,2.71],[-39.57,0],[-12.83,-19.45]],"o":[[39.58,0],[0,2.71],[0,0],[-3.55,25.87],[-27.61,24.65],[-3.12,1.64],[0,0],[0,0],[-27.79,-12.32],[-27.17,-26.3],[0,0],[0,0],[-0.29,-2.64],[0,-39.87],[24.92,0],[12.84,-19.45]],"v":[[59.707,-107.749],[131.367,-35.559],[130.927,-27.529],[131.367,-27.539],[81.617,50.931],[5.027,106.371],[-5.023,106.891],[-5.353,106.741],[-6.513,106.231],[-86.433,50.751],[-131.283,-26.769],[-131.363,-27.539],[-130.923,-27.529],[-131.363,-35.559],[-59.713,-107.749],[-0.003,-75.479]],"c":true},"ix":2},"nm":"路径 1","mn":"ADBE Vector Shape - Group","hd":false},{"ty":"tr","p":{"a":0,"k":[0,0],"ix":2},"a":{"a":0,"k":[0,0],"ix":1},"s":{"a":0,"k":[100,100],"ix":3},"r":{"a":0,"k":0,"ix":6},"o":{"a":0,"k":100,"ix":7},"sk":{"a":0,"k":0,"ix":4},"sa":{"a":0,"k":0,"ix":5},"nm":"Transform"}],"nm":"路径","np":1,"cix":2,"bm":0,"ix":1,"mn":"ADBE Vector Group","hd":false},{"ty":"fl","c":{"a":0,"k":[1,0.35686275363,0.247058823705,1],"ix":4},"o":{"a":0,"k":100,"ix":5},"r":1,"bm":0,"nm":"Fill 1","mn":"ADBE Vector Graphic - Fill","hd":false}],"ip":0,"op":3600,"st":0,"bm":0}]}],"layers":[{"ddd":0,"ind":1,"ty":3,"nm":"Null 60","sr":1,"ks":{"o":{"a":0,"k":0,"ix":11},"r":{"a":0,"k":0,"ix":10},"p":{"a":0,"k":[50,50,0],"ix":2},"a":{"a":0,"k":[27.75,28.45,0],"ix":1},"s":{"a":0,"k":[100,100,100],"ix":6}},"ao":0,"ip":0,"op":49,"st":-160,"bm":0},{"ddd":0,"ind":2,"ty":4,"nm":"zuo-taoxin","sr":1,"ks":{"o":{"a":1,"k":[{"i":{"x":[0.833],"y":[0.833]},"o":{"x":[0.167],"y":[0.167]},"t":34,"s":[100],"e":[0]},{"t":48}],"ix":11},"r":{"a":1,"k":[{"i":{"x":[0.833],"y":[0.833]},"o":{"x":[0.167],"y":[0.167]},"t":0,"s":[0],"e":[-10]},{"t":10}],"ix":10},"p":{"s":true,"x":{"a":1,"k":[{"i":{"x":[0.833],"y":[0.833]},"o":{"x":[0.167],"y":[0.167]},"t":0,"s":[50.064],"e":[42.689]},{"t":10}],"ix":3},"y":{"a":0,"k":59,"ix":4}},"a":{"a":0,"k":[-0.5,8.486,0],"ix":1},"s":{"a":1,"k":[{"i":{"x":[0.833,0.833,0.833],"y":[0.833,0.833,1]},"o":{"x":[0.167,0.167,0.167],"y":[0.167,0.167,0]},"t":0,"s":[100,100,100],"e":[95,95,100]},{"t":10}],"ix":6}},"ao":0,"shapes":[{"ty":"gr","it":[{"ind":0,"ty":"sh","ix":1,"ks":{"a":0,"k":{"i":[[0,0],[0,0],[0.101,-13.05],[0,0],[0,0],[2.97,5.65],[0,3.07],[-8.32,0],[-2.79,-2.27]],"o":[[0,0],[0,5.035],[0,0],[0,0],[-12.92,-11.99],[-1.6,-3.04],[0,-8.49],[3.6,0],[0,0]],"v":[[0,-19.324],[0.054,-17.112],[-0.039,18.911],[0,24.516],[-4.18,21.066],[-24.1,-0.264],[-26.5,-9.344],[-11.64,-24.514],[-1.71,-20.924]],"c":true},"ix":2},"nm":"路径 1","mn":"ADBE Vector Shape - Group","hd":false},{"ty":"gf","o":{"a":0,"k":100,"ix":10},"r":1,"bm":0,"g":{"p":3,"k":{"a":0,"k":[0,1,0.322,0.414,0.5,0.952,0.161,0.207,1,0.904,0,0],"ix":9}},"s":{"a":0,"k":[-26.5,-24.514],"ix":5},"e":{"a":0,"k":[26.5,24.514],"ix":6},"t":1,"nm":"gradient fill","mn":"ADBE Vector Graphic - G-Fill","hd":false},{"ty":"tr","p":{"a":0,"k":[0,0],"ix":2},"a":{"a":0,"k":[0,0],"ix":1},"s":{"a":0,"k":[100,100],"ix":3},"r":{"a":0,"k":0,"ix":6},"o":{"a":0,"k":100,"ix":7},"sk":{"a":0,"k":0,"ix":4},"sa":{"a":0,"k":0,"ix":5},"nm":"Transform"}],"nm":"Path","np":2,"cix":2,"bm":0,"ix":1,"mn":"ADBE Vector Group","hd":false}],"ip":0,"op":3600,"st":0,"bm":0},{"ddd":0,"ind":3,"ty":4,"nm":"you-taoxin","sr":1,"ks":{"o":{"a":1,"k":[{"i":{"x":[0.833],"y":[0.833]},"o":{"x":[0.167],"y":[0.167]},"t":34,"s":[100],"e":[0]},{"t":48}],"ix":11},"r":{"a":1,"k":[{"i":{"x":[0.833],"y":[0.833]},"o":{"x":[0.167],"y":[0.167]},"t":0,"s":[0],"e":[10]},{"t":10}],"ix":10},"p":{"s":true,"x":{"a":1,"k":[{"i":{"x":[0.833],"y":[0.833]},"o":{"x":[0.167],"y":[0.167]},"t":0,"s":[50.001],"e":[57.001]},{"t":10}],"ix":3},"y":{"a":0,"k":59,"ix":4}},"a":{"a":0,"k":[-0.5,8.486,0],"ix":1},"s":{"a":1,"k":[{"i":{"x":[0.833,0.833,0.833],"y":[0.833,0.833,1]},"o":{"x":[0.167,0.167,0.167],"y":[0.167,0.167,0]},"t":0,"s":[100,100,100],"e":[95,95,100]},{"t":10}],"ix":6}},"ao":0,"shapes":[{"ty":"gr","it":[{"ind":0,"ty":"sh","ix":1,"ks":{"a":0,"k":{"i":[[0,0],[0,0],[-3.6,0],[0,-8.49],[1.61,-3.05],[12.86,-11.91],[0,0],[0,1.065],[-0.041,4.473]],"o":[[0,0],[2.79,-2.27],[8.32,0],[0,3.09],[-2.98,5.65],[0,0],[0,0],[-0.024,-9.06],[0,0]],"v":[[0,-19.324],[1.71,-20.924],[11.64,-24.514],[26.5,-9.344],[24.08,-0.234],[4.18,21.036],[-0.5,24.766],[-0.477,22.671],[-0.523,-18.799]],"c":true},"ix":2},"nm":"路径 1","mn":"ADBE Vector Shape - Group","hd":false},{"ty":"gf","o":{"a":0,"k":100,"ix":10},"r":1,"bm":0,"g":{"p":3,"k":{"a":0,"k":[0,1,0.322,0.414,0.5,0.952,0.161,0.207,1,0.904,0,0],"ix":9}},"s":{"a":0,"k":[-26.5,-24.514],"ix":5},"e":{"a":0,"k":[26.5,24.514],"ix":6},"t":1,"nm":"gradient fill","mn":"ADBE Vector Graphic - G-Fill","hd":false},{"ty":"tr","p":{"a":0,"k":[0,0],"ix":2},"a":{"a":0,"k":[0,0],"ix":1},"s":{"a":0,"k":[100,100],"ix":3},"r":{"a":0,"k":0,"ix":6},"o":{"a":0,"k":100,"ix":7},"sk":{"a":0,"k":0,"ix":4},"sa":{"a":0,"k":0,"ix":5},"nm":"Transform"}],"nm":"Path","np":2,"cix":2,"bm":0,"ix":1,"mn":"ADBE Vector Group","hd":false}],"ip":0,"op":3600,"st":0,"bm":0},{"ddd":0,"ind":4,"ty":0,"nm":"小装饰","parent":1,"refId":"comp_0","sr":1,"ks":{"o":{"a":0,"k":100,"ix":11},"r":{"a":0,"k":180,"ix":10},"p":{"a":0,"k":[28.25,49.833,0],"ix":2},"a":{"a":0,"k":[50,50,0],"ix":1},"s":{"a":0,"k":[90,90,100],"ix":6}},"ao":0,"w":100,"h":100,"ip":0,"op":49,"st":0,"bm":0},{"ddd":0,"ind":5,"ty":0,"nm":"小装饰","parent":1,"refId":"comp_0","sr":1,"ks":{"o":{"a":0,"k":100,"ix":11},"r":{"a":0,"k":0,"ix":10},"p":{"a":0,"k":[25.75,9.083,0],"ix":2},"a":{"a":0,"k":[50,50,0],"ix":1},"s":{"a":0,"k":[100,100,100],"ix":6}},"ao":0,"w":100,"h":100,"ip":0,"op":49,"st":0,"bm":0}],"markers":[]}